tasks,0.06,0.12,optimal,half-optimal
1,1.0,1.0,1.0,1.0
2,1.0783968008898486,0.814604510723073,2.0,1.5
4,1.3694186391444878,1.7229180246782112,4.0,2.5
8,2.1484188063662337,1.4981976782289117,8.0,4.5
16,0.49282256683130865,0.09368301094694274,16.0,8.5
32,0.48610668860037437,0.14302056773688374,32.0,16.5
64,4.494661107878511,1.8136229083710942,64.0,32.5
128,,1.5141367152009868,128.0,64.5
