tasks,0.015,0.03,0.06,0.12,optimal,half-optimal
1,1.0,,1.0,1.0,1.0,1.0
2,,,0.0791513634343344,0.05419633831913869,2.0,1.5
4,,,0.029016334619985016,0.019910232446488953,4.0,2.5
8,,,0.018561081826210087,0.010482682451068209,8.0,4.5
16,,,0.03505163813930736,0.02053846296245653,16.0,8.5
