tasks,0.06,0.12,optimal,half-optimal
1,1.0,1.0,1.0,1.0
2,0.8950499798173622,0.622526926397804,2.0,1.5
4,0.4146631755011865,0.6416377888859802,4.0,2.5
8,0.27541637615717973,0.16984685859415588,8.0,4.5
16,0.17873158121738822,0.058860414090372695,16.0,8.5
32,0.08655900318103928,0.03201277798771878,32.0,16.5
64,0.08669716758303211,0.04642555328063032,64.0,32.5
128,,0.034779855464246986,128.0,64.5
