resources.tasks,M2,M3,M4,M5
1,0.6579185051,1.1264989793,5.6710547338,
2,0.43241178499999994,0.6784080179,3.2507090570000003,
4,0.43501481589999996,0.5262316121,1.9530105423000002,
8,0.5148958825000001,0.6655993236000001,1.4846653611,9.3080084692
16,0.6245959730999999,0.7433186942,1.6048252731,6.6582799112
64,1.4403835366,1.7881249446999998,2.9461411577,6.971997480400001
96,2.1051272144000004,2.1365817889,3.6332923472000003,7.404816468600001
128,2.2174186749,3.2266751069,4.4816284787,
