resources.tasks,M2,M3,M4,M5
1,0.6653753865,0.9517781666999999,,
2,0.4831525254,0.7579481815,,
4,0.3926400823999999,0.5730954605,2.1191496308,
8,0.49988526990000004,0.6485827838,1.5286909875999999,
16,0.5910213016000001,0.8239328248,1.5690047167999999,
64,1.4876889558,1.8234296873000002,3.0495335241999997,
96,1.8587746743999998,1.9671133259999998,2.9640242675,
128,2.2981107326,2.7956617694999997,4.514897599,
