resources.tasks,M2,M3,M4,M5
1,0.5750704157000002,0.9635130748,,
2,0.4794586337,0.7235363725000001,3.7811867968999997,
4,0.4477984642,0.6282313981999998,2.0935037435000003,
8,0.4838932809,0.5648206361000001,1.5412775583,
16,0.6383103223,0.8484754446,1.5642022432,7.3852044366000005
64,1.4256278997,1.7430018304000001,2.9592185653999996,6.2948641636
96,1.9339645523999998,2.1063201661,3.3726376129999998,7.0605035869
128,2.2944039073,3.0181806383000005,4.419020356700001,
