resources.tasks,M2,M3,M4,M5
1,0.5776297216999999,0.9188041836,,
2,0.4329641018,0.7210540225,,
4,0.4494315830000001,0.5507584229,1.9380422495999998,
8,0.4633028644,0.6291204449000001,1.5301687042999998,
16,0.6150582103000001,0.8343061012999999,1.4825824371,
64,1.4974211853000001,1.7539752938000004,2.8430368321,
96,1.8656180437,1.9434149005,2.8990905561,
128,2.6359807785999996,2.7853228265000003,4.3723059197,
