discretization,M2,M3,M4,M5
P1,2.550909416,3.051802294,4.3712866885,12.470798821999999
P2,2.606107731,3.2347285885000003,5.8114151970000005,20.088379496
P3,2.9407965235,3.6516270664999997,6.6457331285,
P4,3.1948748155,4.3404203215,9.2062828585,
P5,3.8075115569999998,4.822963433,14.1502929665,
P6,4.963917417999999,6.082434633,63.542171825500006,
