resources.tasks,M2,M3,M4,M5
1,0.6211836709,1.0426874661999999,5.480500199700001,
2,0.4011216285,0.7011803435999999,3.3174344822000004,
4,0.4376269176,0.5548173991,1.9181217138000002,
8,0.4881506483,0.6563361574,1.4731931507,
16,0.6371426871999999,0.8561376275000001,1.5008892665000002,6.729940198899999
64,1.4523282284,1.8334034879,2.8400794415,6.624984061099999
96,1.9771315467000001,2.0488493189000003,3.3851592513,7.105112242999999
128,2.4399871622000004,3.0870619463,4.484950401400001,
