resources.tasks,M2,M3,M4,M5
32,1.6988493734999999,2.4664456945,5.3012446645,
64,2.546350724,3.159984434,6.1397338564999995,18.2561374085
96,2.550909416,3.051802294,4.3712866885,12.470798821999999
128,2.8610015730000002,3.1309295785,4.537643095,
