resources.tasks,M2,M3,M4,M5
32,0.075804331,0.085203268,0.1617543635,
64,0.123368069,0.17329666999999999,0.213564411,0.688810915
96,0.1997364325,0.242431027,0.280100613,0.8317416440000001
128,0.20500426900000002,0.23220008550000001,0.317984238,
