discretization,M2,M3,M4,M5
P1,0.1997364325,0.242431027,0.280100613,0.8317416440000001
P2,0.253761789,0.3890198985,1.4546110095,4.3176349155
P3,0.5030506065,0.800925097,2.3739004775000003,
P4,0.8500184155,1.5035378025,4.6125767765,
P5,1.313327391,2.183492372,9.1956472685,
P6,2.0075071954999997,3.4110247224999997,15.71268727,
