discretization,M2,M3,M4,M5
P1,2.3974542381000004,2.112514489,3.6468776551,7.1409806412
P2,2.1051272144000004,2.1365817889,3.6332923472000003,7.404816468600001
P3,1.9771315467000001,2.0488493189000003,3.3851592513,7.105112242999999
P4,1.9339645523999998,2.1063201661,3.3726376129999998,7.0605035869
P5,1.8656180437,1.9434149005,2.8990905561,
P6,1.8587746743999998,1.9671133259999998,2.9640242675,
