resources.tasks,M2,M3,M4,M5
32,0.068098869,0.07244724599999999,0.096048669,
64,0.1366907385,0.181674607,0.15204916200000002,0.371771358
96,0.195681461,0.1727972375,0.20820941799999998,0.4353442515
128,0.247632192,0.22177325250000002,0.23967996349999998,
