resources.tasks,M2,M3,M4,M5
1,0.6053646352,0.9148183698000001,4.0095359974,
2,0.3991657599,0.6349710011,2.5694396836999998,
4,0.39097415100000005,0.5178899433999999,1.6188710833000002,
8,0.4548162594,0.601903964,1.3033122493,7.482826923
16,0.636550896,0.7087821845000001,1.4430614517999998,5.8349133076
64,1.3947127876999998,1.7902613542,2.9607103127999994,6.842730112700002
96,2.3974542381000004,2.112514489,3.6468776551,7.1409806412
128,2.6130234871000004,3.0172323457999997,4.700303642900001,
