discretization,M2,M3,M4,M5
P1,0.195681461,0.1727972375,0.20820941799999998,0.4353442515
P2,0.1929550885,0.266616685,0.49208797049999997,1.7961841660000002
P3,0.2907224055,0.474312282,1.1807972475000001,
P4,0.4543069745,0.7788110155000001,1.7997967579999998,
P5,0.69100311,1.1051753265,3.2600045155,
P6,0.984271286,1.3789776950000001,6.088905664,
