resources.tasks,M2,M3,M4,M5
32,0.2831126405,0.5807808885000001,1.935365323,
64,0.3431317145,0.5185315725,1.8835661045,7.387846514
96,0.086864652,0.141506322,0.658594393,4.061446259
128,0.08671031,0.12888824200000001,0.58049049,
