resources.tasks,M2,M3,M4,M5
1,5.5205165668000005,10.3027205431,63.621290302599995,
2,3.9932118253,7.5487679337000015,45.263488908099994,
4,2.0944722144999997,3.9901847252000002,21.805729262299998,
8,1.1701684087,2.1552417246999998,11.2097664241,96.8705658254
16,0.7035481519000001,1.3127757928000001,6.125421245,48.2751540452
64,0.6804462253,1.0018224993,3.4059744353,16.1639301336
96,0.194427145,0.32808273889999995,1.4369319264,9.377056706400001
128,0.1858961381,0.2875455571,1.1571914725999999,
