resources.tasks,M2,M3,M4,M5
32,0.5856815200000001,0.9587392964999999,3.746616108,
64,0.6541524519999999,0.8840803644999999,3.117073154,14.1023480205
96,0.17359916,0.276920865,1.2607388975,8.478656287500002
128,0.165327688,0.2517274695,0.9988952395,
