resources.tasks,M2,M3,M4,M5
1,19.9043127221,37.880096202999994,,
2,14.597056405700002,27.710226174099994,165.253284185,
4,7.6620998368999995,14.429238069300002,79.36966726760002,
8,4.149278349799999,7.698122029499999,40.167529441300005,
16,2.411256925899999,4.4960288519,21.850181598200002,176.57462400789998
64,1.6992299714,2.7120321230999993,8.9283976814,50.4315353113
96,0.6739827397,1.1417623910999999,5.0463098237000015,33.7504237223
128,0.6362068,1.0020947479,3.991554078399999,
