resources.tasks,M2,M3,M4,M5
1,10.4193487187,19.939335792200005,124.0516252251,
2,7.934784852199999,14.540765725100002,87.8714041825,
4,4.1686011631,7.852696985299998,43.0362627086,
8,2.2958813405000003,4.2936955011,21.5235488409,
16,1.3723227999000003,2.5134416918,11.9202662961,95.03356783950001
64,1.1783559500999998,1.7881175643999998,5.468665703099999,29.371463048200003
96,0.4321483897,0.6514096261000001,2.8243782201,18.168604964300002
128,0.375404529,0.5696954748,2.2232068104,
