discretization,M2,M3,M4,M5
P1,0.0900961092,0.1518845702,0.6704190422,4.194003636100001
P2,0.194427145,0.32808273889999995,1.4369319264,9.377056706400001
P3,0.4321483897,0.6514096261000001,2.8243782201,18.168604964300002
P4,0.6739827397,1.1417623910999999,5.0463098237000015,33.7504237223
P5,1.1071732158,1.8838478578,8.3267107448,
P6,1.7592362361999996,2.9504573168999997,12.9809055007,
