resources.tasks,M2,M3,M4,M5
1,48.7301603946,96.64837036719999,,
2,37.910068776699994,71.6596328699,,
4,20.1141282094,36.68728959199999,216.48981303459996,
8,10.5569841351,19.901973330799997,105.7575116212,
16,6.1296499926,11.016307002,56.722628471600004,
64,3.5310193657999998,5.421884872,19.846460848,
96,1.7592362361999996,2.9504573168999997,12.9809055007,
128,1.6471613316000002,2.5698629477,10.2072430695,
