discretization,M2,M3,M4,M5
P1,0.17359916,0.276920865,1.2607388975,8.478656287500002
P2,0.4623816895,0.7466395969999999,3.3068975245,22.4783652935
P3,0.961347628,1.6242934335,7.0564451595,
P4,1.7916274755,2.9209682375000003,13.088601198500001,
P5,3.1900456740000003,5.092288989,22.308330413500002,
P6,5.153463743,8.27205974,67.23132499799999,
