resources.tasks,M2,M3,M4,M5
1,2.4545713076,4.7375687632,28.554204954699998,
2,1.7667425753,3.3628383392000005,19.974554768699996,
4,0.9390961631,1.7608929544999998,9.652077869100001,
8,0.5160040580000002,0.9533567310000001,4.9503644036,43.1775913228
16,0.3567008042,0.6196864543,2.9041160634000005,21.246337073699998
64,0.3290405137,0.6121406840999999,1.7501327997,7.530472352400001
96,0.0900961092,0.1518845702,0.6704190422,4.194003636100001
128,0.0816076111,0.1352270737,0.5543971812999999,
