resources.tasks,M2,M3,M4,M5
1,32.652434599699994,60.227548651199996,,
2,24.5830857104,46.8373549445,,
4,12.658872335600002,24.094662871999997,134.4966486642,
8,6.836583437,12.5444053587,66.75728102389999,
16,3.9685582319,7.245636374099999,35.9712182057,
64,2.3034980743999998,3.9115530856,13.3314739212,
96,1.1071732158,1.8838478578,8.3267107448,
128,1.0737845439,1.6299340448,6.459484542599999,
