discretization,M2,M3,M4,M5
P1,0.086864652,0.141506322,0.658594393,4.061446259
P2,0.1927504935,0.31179469299999996,1.3937822475,9.4081364445
P3,0.548916747,0.6587907835,2.850878483,
P4,0.6768791805,1.175733748,5.137249745,
P5,1.1640524115,1.9664815955,8.5039344695,
P6,1.795389591,3.16341094,17.3298745405,
