resources.tasks,M2,M3,M4,M5
1,4.4671906522,8.448556104400001,,
2,2.6886077782,5.165821353500001,,
4,1.8421416352999997,3.3140519769999996,15.612974166700003,
8,1.1747488114,2.1049894845,9.113613201700002,
16,1.0469754507,1.7408460690000003,6.4826725185,
64,2.1241285525,3.0723201905,7.0864228142000005,
96,0.5158484811999999,0.6249333042,2.1521755913,
128,0.5374893175000001,0.7226312064999999,2.1778384759999994,
