resources.tasks,M2,M3,M4,M5
1,4.472083636800001,8.329831892400001,,
2,2.7289110286000002,5.129345848199999,28.633037050600002,
4,1.7829297629999998,3.3195847752,15.547101029199998,
8,1.2177585918000002,2.1665599088,9.4084614538,
16,1.0957293191,1.8122778712000003,6.3487957071,39.63546489710001
64,2.1441706752000003,2.8940790855,7.2287256510999995,20.2262828702
96,0.4840127794999999,0.6324908242,2.2099750607999997,12.629568607100001
128,0.4947196099,0.720732687,2.1477497267,
