resources.tasks,M2,M3,M4,M5
32,1.4340080545,2.1550649045,5.526445958,
64,2.2281715195,2.9932846115,6.6399737425000005,19.582970453
96,0.492145409,0.6616382605,2.26562838,12.646568281499999
128,0.598664608,0.6511257595,1.9473393145000002,
