resources.tasks,M2,M3,M4,M5
1,4.5397681564,8.3942477951,48.7388575966,
2,2.6794560396,5.193075042399999,28.2890746876,
4,1.7415511677999997,3.2469637886999996,15.796316345,
8,1.2451073309,2.1140290655,9.1573437522,65.36304575809999
16,1.0940850443,1.6958336113999999,6.320015754199999,38.305994579700005
64,2.1952031397,2.7367424528000006,6.8434099884999995,22.6850952458
96,0.5185912309,0.6352253501,2.2856946553,12.6130936005
128,0.5354119144,0.7069236992000001,2.1260027388,2.2
