resources.tasks,M2,M3,M4,M5
1,4.5300760165,8.4099684227,47.96376630499999,
2,2.6736251124000003,5.1888377903,28.178786994499994,
4,1.7680848044000002,3.229844313,15.7707653969,
8,1.1812204415999998,2.1524480006,9.208309112000002,
16,1.1244702455,1.7158854232,6.3752318032,39.017736739
64,2.1629040305,2.9064780466999998,6.966498178,23.7669626017
96,0.47406904660000004,0.6477627777,2.2606087529,12.446930297700002
128,0.5176527299,0.7141799497999999,2.1247060867,
