discretization,M2,M3,M4,M5
P1,0.492145409,0.6616382605,2.26562838,12.646568281499999
P2,0.4555678135,0.641072439,2.267238754,12.9287338735
P3,0.5016055755,0.6574535525,2.2318335725,
P4,0.544340724,0.691168366,2.2549487275,
P5,0.5480913325,0.6357050980000001,2.2390211405000002,
P6,0.6682072075000001,0.6779274305,6.358740564,
