discretization,M2,M3,M4,M5
P1,0.5185912309,0.6352253501,2.2856946553,12.6130936005
P2,0.5290793976,0.6252406729,2.2657954526,12.670994072600001
P3,0.47406904660000004,0.6477627777,2.2606087529,12.446930297700002
P4,0.4840127794999999,0.6324908242,2.2099750607999997,12.629568607100001
P5,0.5158484811999999,0.6249333042,2.1521755913,
P6,0.5143797939000001,0.6201507029,2.190230939,
