resources.tasks,M2,M3,M4,M5
1,0.24189802330000001,0.42492081959999994,,
2,0.153740485,0.2754171962,,
4,0.1851699322,0.26601484810000003,1.4575960687999998,
8,0.2410789679,0.3788463747,1.2895063763,
16,0.3037190112,0.4067453144,1.3855748653,
64,0.837041398,0.9037676304,2.0021467358000002,
96,1.1184124381999998,1.1359058525999999,2.1318381441,
128,1.839155696,1.5897461314,3.1151218254999997,
