resources.tasks,M2,M3,M4,M5
1,0.21869223,0.3435881982,,
2,0.1541438205,0.29691224800000005,1.6240059635000001,
4,0.1877020195,0.33155415949999995,1.3626787439999999,
8,0.2490927093,0.3205969072,1.3105686891000001,
16,0.30451440529999996,0.44141048229999996,1.3099147205000001,8.5804990593
64,0.8188616222,0.9205417633999999,1.8636674008999996,9.731932266200001
96,1.2054491336000002,1.2469187886,2.4004231063,9.8650567573
128,1.8127982508000002,1.8890153915999996,3.1605574211999996,
