resources.tasks,M2,M3,M4,M5
1,0.21186939339999994,0.3896618339,,
2,0.15761294809999998,0.2781468287,,
4,0.18728316,0.27473373459999995,1.2332995526,
8,0.2565642817,0.30241662960000004,1.2102421370000003,
16,0.36726924260000005,0.37419310939999995,1.3188820929,
64,0.7856777978,0.8563998345,1.8468179898000003,
96,1.1035778944,1.1361694968999998,2.0259337475,
128,1.6494577612,1.6162985712000002,2.9048292835000002,
