resources.tasks,M2,M3,M4,M5
1,0.21296605350000003,0.4307740233,2.7801215963000003,
2,0.16956718750000002,0.2884150283,1.6031202414999999,
4,0.2163060873,0.2842039059,1.3067729142000002,
8,0.2694222238,0.36730742540000005,1.1534359786,
16,0.31100754389999996,0.4341434758,1.3231816919,8.367244535700001
64,0.7820078559000001,0.8931726648,1.8430253492,9.304566826599999
96,1.1007627177,1.1672152063999999,2.4560722523000003,9.779684479499998
128,1.7306961485000003,1.7839499517,2.8267695742999996,
