discretization,M2,M3,M4,M5
P1,0.88373709,1.0654639565,1.625890785,7.910624395499999
P2,0.7146385115,0.8603177870000001,2.9914483185,8.2742998475
P3,0.6933975055,0.8805996380000001,1.6712556835,
P4,0.819071969,0.8611988135,1.589965175,
P5,0.8742901995,1.026063786,2.002170119,
P6,0.95141553,0.7925246705,2.529170317,
