resources.tasks,M2,M3,M4,M5
1,0.2122119525,0.35696865760000007,2.1295247902,
2,0.1816027208,0.2801663108,1.4537568484,
4,0.18414835829999998,0.3008394605,1.6788285277,
8,0.23952721549999997,0.327843981,1.2046446726000002,8.786462366399999
16,0.3060136248,0.3994742315,1.4476289521,8.2267677148
64,0.8069004120000001,0.9155097448000001,2.1182978206,9.8586226601
96,1.4368584668000002,1.1757750461,2.6724245074999997,10.4330509645
128,2.0546072515,1.7837278032999997,3.2048074239999997,
