discretization,M2,M3,M4,M5
P1,1.2638830799999998,1.2217062468,2.625944717,10.3310586851
P2,1.4368584668000002,1.1757750461,2.6724245074999997,10.4330509645
P3,1.1007627177,1.1672152063999999,2.4560722523000003,9.779684479499998
P4,1.2054491336000002,1.2469187886,2.4004231063,9.8650567573
P5,1.1035778944,1.1361694968999998,2.0259337475,
P6,1.1184124381999998,1.1359058525999999,2.1318381441,
