resources.tasks,M2,M3,M4,M5
32,0.3517741425,0.39650247549999995,1.2570439245,
64,0.5061785925,0.6977800919999999,1.374582276,8.262614832499999
96,0.88373709,1.0654639565,1.625890785,7.910624395499999
128,0.837781916,0.9905836610000001,1.72919221,
