resources.tasks,M2,M3,M4,M5
1,0.2231379984,0.3543608359,1.7533791761000004,
2,0.19645011809999996,0.278607709,1.2947445812,
4,0.2298114314,0.2670602923,1.2368916107,
8,0.2784841146,0.34846805610000003,1.1474833725000002,8.480230125
16,0.3201321167,0.37710070560000003,1.3551810723,8.169663412999999
64,0.7845730219999999,0.9031142848000002,2.043197099,9.8264248968
96,1.2638830799999998,1.2217062468,2.625944717,10.3310586851
128,1.8439602847,1.9046568369999999,2.9867862406,
