nProc,createMesh,createExporters,init,solve,exportResults,algebraic-assembly,algebraic-solve,heat.ksp-niter,electric.ksp-niter
4,7.8874580400e+01,1.9476150000e-03,1.9824665800e+02,7.3784552600e+01,1.0522864800e+02,3.8918477760e+01,3.4622390700e+01,27,19
8,4.3281780500e+01,2.7652300000e-03,1.0510149100e+02,4.6480319500e+01,5.4425087200e+01,2.2248771380e+01,2.4102312810e+01,24,16
16,2.5983501800e+01,1.2950870000e-03,6.1675336900e+01,2.5623008900e+01,3.2234827900e+01,1.1701536510e+01,1.3843015900e+01,25,19
32,1.5387380200e+01,1.8431960000e-03,3.5630527700e+01,1.6334269800e+01,1.9533166100e+01,6.5640037700e+00,9.6667968800e+00,27,19
64,1.0981516300e+01,1.2421180000e-03,2.3090160300e+01,1.1137873300e+01,1.5782601100e+01,4.7082960800e+00,6.3957056700e+00,23,17
128,8.4185287800e+00,2.2854730000e-03,4.9458590800e+01,5.1966084600e+00,1.5423843700e+01,2.4543095620e+00,2.7250683500e+00,27,18
256,3.4244702100e+00,6.8803710000e-03,8.5744426700e+00,2.7639874000e+00,1.1136088100e+01,1.4758021030e+00,1.2773671600e+00,23,19
