nProc,createMesh,createExporters,init,solve,exportResults,algebraic-assembly,algebraic-solve,heat.ksp-niter,electric.ksp-niter
4,7.8591992200e+01,2.2857320000e-03,4.5822833600e+02,9.4456183800e+02,2.2483643600e+02,2.3456447970e+02,7.0823706500e+02,46,50
8,4.0865207300e+01,2.6806740000e-03,2.2773034000e+02,4.7871985700e+02,1.0745015900e+02,1.1799206270e+02,3.5979184000e+02,42,35
16,2.3984927900e+01,2.7669960000e-03,1.3368841900e+02,3.6315871000e+02,5.5282467400e+01,5.9106416000e+01,3.0349014400e+02,55,43
32,1.4052001300e+01,4.3585650000e-03,7.6762278200e+01,2.0670682000e+02,3.3535965300e+01,3.5466906200e+01,1.7087956530e+02,51,50
64,7.9775138000e+00,2.8970700000e-03,4.2285763500e+01,1.0908232800e+02,1.9546610700e+01,1.8141998560e+01,9.0442308300e+01,46,38
128,6.0672697500e+00,1.2050651000e-02,2.7728789800e+01,9.6987331100e+01,1.4764709900e+01,1.2391013870e+01,8.4156269600e+01,47,44
256,3.4963983100e+00,4.6900840000e-03,1.4998552500e+01,4.7387031700e+01,1.3436832600e+01,6.2649840700e+00,4.1064858200e+01,46,57
