nProc,initMaterialProperties,createMesh,createSpaces,createExporters,graph,matrixVector,algebraicOthers,init,ksp-niter,createMeshTmp,algebraic-assembly,algebraic-solve,solve,exportResults
32,1.8745728800e+00,1.3200178700e+01,7.4470275500e+00,2.4657180000e-03,8.1241101900e+00,7.7837317800e-01,3.6081000000e-05,1.3980270400e+01,28,6.6344822000e-02,1.8048767200e+01,1.1913598200e+01,2.9989745500e+01,2.1926488800e+01
64,1.1951601300e-01,8.5632852600e+00,4.5662954400e+00,1.2653979000e-02,4.6075941800e+00,1.0634174300e+00,2.4810000000e-05,8.6374826200e+00,45,3.6010500000e-02,8.0459886800e+00,1.0450533500e+01,1.8511850400e+01,1.2825416600e+01
128,1.2815985200e-01,4.5493131400e+00,2.3786513700e+00,1.4378498000e-02,2.6344373100e+00,1.2338423100e+00,3.0080000000e-05,5.2827016200e+00,51,6.4875723000e-02,4.8233937500e+00,9.4301481200e+00,1.4261485700e+01,7.1491306900e+00
256,1.3333034000e-01,3.0304684700e+00,1.0854564000e+00,7.6540020000e-03,1.3628997600e+00,1.1163836300e+00,3.7991000000e-05,3.2701459100e+00,138,6.3393418000e-02,2.5550122900e+00,1.2457415500e+01,1.5016890900e+01,3.5485211000e+00
384,1.3328535900e-01,3.0364074300e+00,8.9322719200e-01,1.4258701000e-02,1.8119843300e+00,2.5218360700e-01,4.0330000000e-05,2.7427978500e+00,144,5.9958457000e-02,1.8955342800e+00,1.2355469200e+02,1.2546504800e+02,2.9372366300e+00
512,1.4410826900e-01,2.4638455400e+00,5.1135506900e-01,2.2654824000e-02,6.9607630900e-01,1.2407755500e+00,3.6990000000e-05,2.5933578400e+00,402,5.8307090000e-02,2.2333666700e+00,1.0313971800e+02,1.0537559300e+02,2.5545929200e+00
640,1.5164555700e-01,3.1485982400e+00,4.0441396900e-01,1.4165557000e-02,5.4218599000e-01,3.1356539300e+00,4.5760000000e-05,8.2791370700e+00,35,5.3576484000e-02,3.0087665600e+00,6.4772798300e+01,6.7792699700e+01,2.6438750100e+00
768,1.3515641800e-01,3.2077867900e+00,5.4019082800e-01,2.2015071000e-02,4.4918455200e-01,2.1341318500e+00,3.8760000000e-05,6.2210101600e+00,55,7.5360254000e-02,3.5456821500e+00,1.0098862300e+02,1.0455095500e+02,3.0369320800e+00
