nProc,initMaterialProperties,createMesh,createSpaces,createExporters,graph,matrixVector,algebraicOthers,init,ksp-niter,createMeshTmp,algebraic-assembly,algebraic-solve,solve,exportResults
128,8.6816647000e-02,4.6157450200e+00,4.7646293800e+00,3.7731383000e-02,1.2966953500e+01,4.6212927900e+00,2.4800000000e-05,2.1662169400e+01,161,7.3643580000e-03,1.0474051400e+02,1.7424551000e+02,2.7905393300e+02,9.5486099400e+00
256,1.2926185200e-01,2.7640957000e+00,3.6654818800e+00,1.5001359100e-01,6.4406031600e+00,3.9486830200e+00,2.7490000000e-05,1.3852408100e+01,87,5.6963640000e-03,4.9379161100e+01,6.3272895000e+01,1.1270249100e+02,5.3771690000e+00
384,1.2049718900e-01,2.2113202300e+00,2.4295438800e+00,2.9784988000e-02,6.9852365700e+00,1.8480250500e+00,3.9081000000e-05,1.3754348300e+01,93,5.6532140000e-03,3.7866528900e+01,1.0453142200e+02,1.4245142400e+02,4.1095803700e+00
512,1.6631967000e-01,2.1691510800e+00,1.8957464600e+00,6.6833950000e-03,4.3367075500e+00,3.5254252600e+00,3.3521000000e-05,1.2517375200e+01,92,3.6212340000e-03,2.6562169400e+01,9.9642700700e+01,1.2643257900e+02,3.7604334700e+00
640,1.7732212800e-01,3.1222252900e+00,1.7230171900e+00,1.3206499000e-02,4.2911841400e+00,3.8906723100e+00,3.7830000000e-05,1.2272320600e+01,81,5.6289340000e-03,2.3236055300e+01,1.1102504200e+02,1.3453076300e+02,3.5720874600e+00
768,2.5847833600e-01,2.4924648800e+00,1.5269299000e+00,1.3258001000e-02,4.2076031200e+00,3.7963667800e+00,2.1550100000e-04,1.3164302100e+01,86,7.5941335000e-02,2.0348047700e+01,1.5143364200e+02,1.7202368700e+02,3.3717554800e+00
896,2.5567414800e-01,3.9748980100e+00,1.3589351600e+00,1.0189598000e-02,4.4726149600e+00,4.2201519600e+00,4.8790000000e-05,1.4896059600e+01,112,2.9624020000e-03,1.8918223700e+01,2.1034286800e+02,2.2933571700e+02,3.7797210800e+00
1024,2.0311140700e+00,3.1551660500e+00,8.4240517000e-01,1.0863576000e-02,2.3410697300e+00,3.5687818900e+00,4.8240000000e-05,1.0069711900e+01,86,4.1347220000e-03,1.6688890600e+01,1.3171129900e+02,1.4864833800e+02,3.4201569600e+00
