nProc,initMaterialProperties,createMesh,createSpaces,createExporters,graph,matrixVector,algebraicOthers,init,ksp-niter,createMeshTmp,algebraic-assembly,algebraic-solve,solve,exportResults
640,1.2311826900e-01,8.4239921200e+00,7.2887457800e+00,1.4224630000e-01,2.2840039900e+01,2.0748258300e+01,5.0440000000e-05,5.3412150700e+01,224,7.3471080000e-03,1.6713317400e+02,4.7572166500e+02,6.4314809200e+02,1.7187455200e+01
1280,1.8708817600e+00,7.6973103100e+00,5.4351054800e+00,3.0086889000e-02,1.7447132000e+01,1.6386006400e+01,3.9680000000e-05,3.9991299000e+01,221,7.6882770000e-03,8.1355820100e+01,4.0338340100e+02,4.8503596000e+02,1.0852226900e+01
2560,2.0409103700e-01,7.6495102200e+00,3.6205971600e+00,3.1664237000e-02,6.3043839600e+00,2.4136187900e+01,4.2050000000e-05,3.7481427100e+01,110,7.4581640000e-03,4.7617726200e+01,2.7724742500e+02,3.2535120200e+02,9.8493631300e+00
