nProc,initMaterialProperties,initMesh,initFunctionSpaces,initPostProcess,graph,matrixVector,algebraicOthers,init
640,4.35685000e-04,5.58447588e+00,4.76816963e+00,2.53127272e-01,6.41800390e+00,9.21354859e+00,2.84210000e-05,3.03802441e+01
768,4.81104000e-04,5.52890593e+00,4.92008748e+00,2.69175045e-01,5.11537824e+00,1.02396251e+01,4.47710000e-05,3.08069648e+01
896,4.89096000e-04,5.30403448e+00,4.13190226e+00,4.52869998e-01,4.74457136e+00,1.05872785e+01,4.47310000e-05,3.02593697e+01
1024,5.47685000e-04,4.71450200e+00,3.69833453e+00,2.32863468e-01,4.17638190e+00,1.01722287e+01,4.95500000e-05,2.69447249e+01
1152,6.47416000e-04,4.88651734e+00,3.31738166e+00,2.07439174e-01,4.33771967e+00,8.82286228e+00,2.98700000e-05,2.50427414e+01
1280,6.14950000e-04,4.70194963e+00,3.30265719e+00,4.04115688e-01,3.97464095e+00,9.04132852e+00,5.17300000e-05,2.43631665e+01
