nProc,initMaterialProperties,initMesh,initFunctionSpaces,initPostProcess,graph,matrixVector,algebraicOthers,init,ksp-niter,algebraic-assembly,algebraic-solve,solve,exportResults
768,1.9892015100e-01,4.6479819500e+00,2.0025882300e+00,1.2048745100e+00,1.9820755100e+00,5.7985732600e+00,4.2221000000e-05,2.4477765200e+01,28,2.0059030000e+00,5.1952086100e+01,5.3979470600e+01,4.4939586700e+00
896,1.9479082700e-01,4.5595567400e+00,1.9092774600e+00,1.7055611800e-01,1.7471430900e+00,6.5590641700e+00,3.1780000000e-05,1.7699028500e+01,30,1.8941306200e+00,7.0019888300e+01,7.1941408800e+01,4.6561315600e+00
1024,2.2258726900e-01,4.4410605500e+00,1.6938962200e+00,4.4033279500e-01,1.5125901400e+00,6.2620516600e+00,3.8051000000e-05,1.6418235900e+01,30,1.5359937900e+00,4.2653670200e+01,4.4434091300e+01,4.5638793200e+00
1152,2.0465769600e-01,4.3289426200e+00,1.5569707600e+00,6.0937193400e-01,1.4556434300e+00,5.4774946700e+00,3.5320000000e-05,1.5484748300e+01,33,1.4987614900e+00,4.6546006700e+01,4.8289549300e+01,4.7113590800e+00
1280,2.0423572500e-01,4.1475541400e+00,1.4661314900e+00,1.4183412700e+00,1.2767295000e+00,5.5131345700e+00,3.4420000000e-05,1.6088636000e+01,29,1.3687894200e+00,4.6890151300e+01,4.8473130300e+01,4.7990259900e+00
