nProc,initMaterialProperties,initMesh,initFunctionSpaces,initPostProcess,graph,matrixVector,algebraicOthers,init,ksp-niter,algebraic-assembly,algebraic-solve,solve,exportResults
640,4.3467500000e-04,9.1846142800e-01,5.1316202400e-01,4.1455845000e-02,1.8578729100e-01,2.9361011000e-01,2.8140000000e-05,2.7074524900e+00,43,7.6340030500e-01,3.6384693700e+01,3.7174548100e+01,1.2062629200e+00
768,5.7615500000e-04,9.6099116900e-01,4.9969733500e-01,2.6611345700e-01,8.0908235000e-02,2.1621960600e+00,3.3200000000e-05,4.9757196300e+00,42,6.7516046300e-01,2.3635402500e+01,2.4317840600e+01,1.2899842900e+00
896,4.5941400000e-04,1.2435942700e+00,4.9607431000e-01,2.6093499000e-01,8.0056954000e-02,2.1032333500e+00,4.4090000000e-05,4.8733336800e+00,40,8.3975956800e-01,5.2366497600e+01,5.3262096200e+01,2.2019590300e+00
1024,5.3071400000e-04,1.2889648100e+00,4.8964810900e-01,7.4947960000e-02,8.3408202000e-02,3.7149283100e-01,4.5340000000e-05,3.3181940600e+00,42,8.2659177400e-01,2.5856958300e+01,2.6766810000e+01,1.7153465100e+00
1152,3.6828300000e-04,1.3693329400e+00,2.9069442500e-01,8.1627258000e-02,5.6752445000e-02,3.5405923600e-01,3.0561000000e-05,4.0900474400e+00,40,6.0157326200e-01,2.6602871700e+01,2.7271097100e+01,2.2375110000e+00
1280,4.9841300000e-04,2.8397818000e+00,7.4133889200e-01,1.6133377500e+00,1.1517500500e-01,5.2547799300e-01,2.9170000000e-05,7.6578209200e+00,42,5.4890687100e-01,2.9098227500e+01,2.9648814000e+01,3.1170897300e+00
