nProc,initMaterialProperties,initMesh,initFunctionSpaces,initPostProcess,graph,matrixVector,algebraicOthers,init,ksp-niter,algebraic-assembly,algebraic-solve,solve,exportResults
128,5.8801534000e-02,1.5388099300e+01,5.7377812100e+00,1.4296828500e+00,1.8650969500e+00,1.7588750400e+00,3.1750000000e-05,3.1983697400e+01,19,1.9035248800e+00,2.6079812500e+00,4.5220725600e+00,4.7289494200e+00
256,1.2193992900e-01,8.8420221800e+00,2.7906854300e+00,6.5528861400e-01,1.1538221300e+00,1.9316459800e+00,3.2131000000e-05,1.8510334600e+01,19,1.1398652900e+00,3.9852895500e+00,5.1761948500e+00,3.3930818600e+00
384,1.2431615200e-01,7.2772168200e+00,1.8251861100e+00,3.8501902800e-01,6.6694985700e-01,2.0310720500e+00,2.9461000000e-05,1.4385343400e+01,20,8.6147464300e-01,8.4534463700e+00,9.3189661600e+00,2.3292885400e+00
512,1.2102471700e-01,6.0220637600e+00,1.3149637600e+00,2.7702819600e-01,5.0972619800e-01,2.0172791000e+00,4.0870000000e-05,1.1988063100e+01,19,7.6746064800e-01,7.5281271700e+00,8.2988521000e+00,2.2445924800e+00
640,1.2441643500e-01,4.9730741600e+00,1.0620161100e+00,2.2246039800e-01,5.7559515700e-01,1.8785659100e+00,3.7950000000e-05,1.0304962100e+01,19,6.5551864800e-01,1.1008448600e+01,1.1670536100e+01,2.5452425200e+00
768,1.2252347100e-01,4.7038850200e+00,1.1016825900e+00,1.9703714600e-01,3.1311057000e-01,3.0561556300e+00,3.9380000000e-05,1.1092531600e+01,19,5.9093735700e-01,2.2219551500e+01,2.2812773000e+01,2.5381560900e+00
